{
  "summaries": [
    {
      "order_index": 0,
      "env_id": "VideoUnmaskSwap",
      "episode": 0,
      "action_space": "eef_pose",
      "summary": {
        "count": 463,
        "axis_max_abs_delta_rad": [
          0.003770112991333008,
          0.0021114349365234375,
          0.030220508575439453
        ],
        "axis_max_abs_delta_deg": [
          0.21601156269082325,
          0.12097631057926585,
          1.7315075961115924
        ],
        "axis_max_abs_delta_transition": [
          [
            242,
            243
          ],
          [
            242,
            243
          ],
          [
            144,
            145
          ]
        ]
      }
    },
    {
      "order_index": 1,
      "env_id": "VideoUnmaskSwap",
      "episode": 1,
      "action_space": "eef_pose",
      "summary": {
        "count": 336,
        "axis_max_abs_delta_rad": [
          0.0010988712310791016,
          0.0012254714965820312,
          0.03155970573425293
        ],
        "axis_max_abs_delta_deg": [
          0.06296068376917754,
          0.07021434466773108,
          1.8082379412475158
        ],
        "axis_max_abs_delta_transition": [
          [
            263,
            264
          ],
          [
            263,
            264
          ],
          [
            200,
            201
          ]
        ]
      }
    },
    {
      "order_index": 2,
      "env_id": "VideoUnmaskSwap",
      "episode": 2,
      "action_space": "eef_pose",
      "summary": {
        "count": 283,
        "axis_max_abs_delta_rad": [
          0.0008609294891357422,
          0.0016183853149414062,
          0.022553205490112305
        ],
        "axis_max_abs_delta_deg": [
          0.049327626185832085,
          0.09272664817209311,
          1.2922034890747123
        ],
        "axis_max_abs_delta_transition": [
          [
            203,
            204
          ],
          [
            210,
            211
          ],
          [
            145,
            146
          ]
        ]
      }
    },
    {
      "order_index": 3,
      "env_id": "VideoUnmaskSwap",
      "episode": 3,
      "action_space": "eef_pose",
      "summary": {
        "count": 576,
        "axis_max_abs_delta_rad": [
          0.0007932186126708984,
          0.0027582645416259766,
          0.0185089111328125
        ],
        "axis_max_abs_delta_deg": [
          0.04544807873726484,
          0.15803691701575504,
          1.0604824912928599
        ],
        "axis_max_abs_delta_transition": [
          [
            569,
            570
          ],
          [
            457,
            458
          ],
          [
            491,
            492
          ]
        ]
      }
    },
    {
      "order_index": 4,
      "env_id": "VideoUnmaskSwap",
      "episode": 4,
      "action_space": "eef_pose",
      "summary": {
        "count": 497,
        "axis_max_abs_delta_rad": [
          0.00459599494934082,
          0.0040819644927978516,
          0.0422821044921875
        ],
        "axis_max_abs_delta_deg": [
          0.2633311132606716,
          0.23387933755957663,
          2.4225861363334826
        ],
        "axis_max_abs_delta_transition": [
          [
            247,
            248
          ],
          [
            247,
            248
          ],
          [
            314,
            315
          ]
        ]
      }
    },
    {
      "order_index": 5,
      "env_id": "VideoUnmaskSwap",
      "episode": 5,
      "action_space": "eef_pose",
      "summary": {
        "count": 302,
        "axis_max_abs_delta_rad": [
          0.0014388561248779297,
          0.0015819072723388672,
          0.02801346778869629
        ],
        "axis_max_abs_delta_deg": [
          0.0824403832820539,
          0.0906366102860692,
          1.6050534738179765
        ],
        "axis_max_abs_delta_transition": [
          [
            265,
            266
          ],
          [
            184,
            185
          ],
          [
            147,
            148
          ]
        ]
      }
    },
    {
      "order_index": 6,
      "env_id": "VideoUnmaskSwap",
      "episode": 6,
      "action_space": "eef_pose",
      "summary": {
        "count": 282,
        "axis_max_abs_delta_rad": [
          0.00020456314086914062,
          0.0014202594757080078,
          0.0038139820098876953
        ],
        "axis_max_abs_delta_deg": [
          0.01172060461574188,
          0.08137487377153191,
          0.21852507230538795
        ],
        "axis_max_abs_delta_transition": [
          [
            207,
            208
          ],
          [
            265,
            266
          ],
          [
            195,
            196
          ]
        ]
      }
    },
    {
      "order_index": 7,
      "env_id": "VideoUnmaskSwap",
      "episode": 7,
      "action_space": "eef_pose",
      "summary": {
        "count": 503,
        "axis_max_abs_delta_rad": [
          0.0019450187683105469,
          0.0013377666473388672,
          0.028708934783935547
        ],
        "axis_max_abs_delta_deg": [
          0.11144136649792805,
          0.07664838286588309,
          1.6449007974358307
        ],
        "axis_max_abs_delta_transition": [
          [
            350,
            351
          ],
          [
            350,
            351
          ],
          [
            244,
            245
          ]
        ]
      }
    },
    {
      "order_index": 8,
      "env_id": "VideoUnmaskSwap",
      "episode": 8,
      "action_space": "eef_pose",
      "summary": {
        "count": 289,
        "axis_max_abs_delta_rad": [
          0.0007264614105224609,
          0.0034966468811035156,
          0.012520790100097656
        ],
        "axis_max_abs_delta_deg": [
          0.041623172802057705,
          0.200343108734814,
          0.7173884289047793
        ],
        "axis_max_abs_delta_transition": [
          [
            252,
            253
          ],
          [
            252,
            253
          ],
          [
            196,
            197
          ]
        ]
      }
    },
    {
      "order_index": 9,
      "env_id": "VideoUnmaskSwap",
      "episode": 9,
      "action_space": "eef_pose",
      "summary": {
        "count": 379,
        "axis_max_abs_delta_rad": [
          0.0005123615264892578,
          0.0014274120330810547,
          0.029192686080932617
        ],
        "axis_max_abs_delta_deg": [
          0.029356153052714804,
          0.08178468512173268,
          1.6726177050877424
        ],
        "axis_max_abs_delta_transition": [
          [
            155,
            156
          ],
          [
            155,
            156
          ],
          [
            292,
            293
          ]
        ]
      }
    }
  ]
}