{
  "summaries": [
    {
      "order_index": 0,
      "env_id": "RouteStick",
      "episode": 0,
      "action_space": "eef_pose",
      "summary": {
        "count": 420,
        "axis_max_abs_delta_rad": [
          0.0006492137908935547,
          0.00033974647521972656,
          0.002972841262817383
        ],
        "axis_max_abs_delta_deg": [
          0.03719721021988944,
          0.01946603913453634,
          0.170331257521778
        ],
        "axis_max_abs_delta_transition": [
          [
            350,
            351
          ],
          [
            0,
            1
          ],
          [
            254,
            255
          ]
        ]
      }
    },
    {
      "order_index": 1,
      "env_id": "RouteStick",
      "episode": 1,
      "action_space": "eef_pose",
      "summary": {
        "count": 280,
        "axis_max_abs_delta_rad": [
          0.0004553794860839844,
          0.00035858154296875,
          0.0027925968752242625
        ],
        "axis_max_abs_delta_deg": [
          0.02609132262944871,
          0.020545209023398354,
          0.160004014831772
        ],
        "axis_max_abs_delta_transition": [
          [
            44,
            45
          ],
          [
            0,
            1
          ],
          [
            44,
            45
          ]
        ]
      }
    },
    {
      "order_index": 2,
      "env_id": "RouteStick",
      "episode": 2,
      "action_space": "eef_pose",
      "summary": {
        "count": 560,
        "axis_max_abs_delta_rad": [
          0.0005748271942138672,
          0.0005095005035400391,
          0.00278472900390625
        ],
        "axis_max_abs_delta_deg": [
          0.03293517217780149,
          0.029192228512634498,
          0.15955321901149785
        ],
        "axis_max_abs_delta_transition": [
          [
            70,
            71
          ],
          [
            534,
            535
          ],
          [
            280,
            281
          ]
        ]
      }
    },
    {
      "order_index": 3,
      "env_id": "RouteStick",
      "episode": 3,
      "action_space": "eef_pose",
      "summary": {
        "count": 560,
        "axis_max_abs_delta_rad": [
          0.0004253387451171875,
          0.0005240440368652344,
          0.0031070709228515625
        ],
        "axis_max_abs_delta_deg": [
          0.024370114958605495,
          0.030025511591376054,
          0.17802205052721234
        ],
        "axis_max_abs_delta_transition": [
          [
            44,
            45
          ],
          [
            534,
            535
          ],
          [
            324,
            325
          ]
        ]
      }
    },
    {
      "order_index": 4,
      "env_id": "RouteStick",
      "episode": 4,
      "action_space": "eef_pose",
      "summary": {
        "count": 420,
        "axis_max_abs_delta_rad": [
          0.00016808509826660156,
          0.0004448890686035156,
          0.0022950172424316406
        ],
        "axis_max_abs_delta_deg": [
          0.009630566729717979,
          0.025490265982487586,
          0.13149480190108548
        ],
        "axis_max_abs_delta_transition": [
          [
            255,
            256
          ],
          [
            324,
            325
          ],
          [
            254,
            255
          ]
        ]
      }
    },
    {
      "order_index": 5,
      "env_id": "RouteStick",
      "episode": 5,
      "action_space": "eef_pose",
      "summary": {
        "count": 280,
        "axis_max_abs_delta_rad": [
          0.0006365776062011719,
          0.0002949237823486328,
          0.0028939247131347656
        ],
        "axis_max_abs_delta_deg": [
          0.03647321016786809,
          0.016897888006611544,
          0.16580967229122953
        ],
        "axis_max_abs_delta_transition": [
          [
            44,
            45
          ],
          [
            0,
            1
          ],
          [
            114,
            115
          ]
        ]
      }
    },
    {
      "order_index": 6,
      "env_id": "RouteStick",
      "episode": 6,
      "action_space": "eef_pose",
      "summary": {
        "count": 560,
        "axis_max_abs_delta_rad": [
          0.0001575946807861328,
          0.0005474090576171875,
          0.0026428699493408203
        ],
        "axis_max_abs_delta_deg": [
          0.009029510082756856,
          0.031364228668698556,
          0.1514252938991827
        ],
        "axis_max_abs_delta_transition": [
          [
            140,
            141
          ],
          [
            184,
            185
          ],
          [
            324,
            325
          ]
        ]
      }
    },
    {
      "order_index": 7,
      "env_id": "RouteStick",
      "episode": 7,
      "action_space": "eef_pose",
      "summary": {
        "count": 700,
        "axis_max_abs_delta_rad": [
          0.0002779960632324219,
          0.00045752525329589844,
          0.0024025440216064453
        ],
        "axis_max_abs_delta_deg": [
          0.015928001144469735,
          0.026214266034508937,
          0.13765563253243698
        ],
        "axis_max_abs_delta_transition": [
          [
            674,
            675
          ],
          [
            604,
            605
          ],
          [
            630,
            631
          ]
        ]
      }
    },
    {
      "order_index": 8,
      "env_id": "RouteStick",
      "episode": 8,
      "action_space": "eef_pose",
      "summary": {
        "count": 420,
        "axis_max_abs_delta_rad": [
          0.00026345252990722656,
          0.00045108795166015625,
          0.002381563186645508
        ],
        "axis_max_abs_delta_deg": [
          0.01509471806572818,
          0.02584543581932825,
          0.13645351923851473
        ],
        "axis_max_abs_delta_transition": [
          [
            44,
            45
          ],
          [
            140,
            141
          ],
          [
            184,
            185
          ]
        ]
      }
    },
    {
      "order_index": 9,
      "env_id": "RouteStick",
      "episode": 9,
      "action_space": "eef_pose",
      "summary": {
        "count": 420,
        "axis_max_abs_delta_rad": [
          0.0002887248992919922,
          0.0005500316619873047,
          0.0019116401672363281
        ],
        "axis_max_abs_delta_deg": [
          0.016542718169770883,
          0.031514492830438834,
          0.10952891353032447
        ],
        "axis_max_abs_delta_transition": [
          [
            210,
            211
          ],
          [
            254,
            255
          ],
          [
            114,
            115
          ]
        ]
      }
    }
  ]
}